relative_path,source_revision,content_sha256,classification,subsystem,source_review_status,reviewed_symbols_or_ranges,test_evidence,runtime_validation_status,issue_references,remaining_review
.dockerignore,0dc7d5399c6889e015aebc9ba02e694a909d6e9c,322c7d40037b53a98eeb83cf48df6fee4df2ff1d48558034399e4253a68e7af8,build/CI/configuration,build and tooling,INVENTORIED_ONLY,,,NOT_TESTED,,Substantive source review pending
.gitattributes,0dc7d5399c6889e015aebc9ba02e694a909d6e9c,71c1c7b5a4943a4f7aec8af209869d9576c13e5c572e48e513e4bbf38290f64f,build/CI/configuration,build and tooling,INVENTORIED_ONLY,,,NOT_TESTED,,Substantive source review pending
.github/workflows/ci.yml,0dc7d5399c6889e015aebc9ba02e694a909d6e9c,15178f5242cffe8e7a096de12dbf1527c4bb1363c2e52a14fb1ea9c390abeaa7,build/CI/configuration,build and tooling,INVENTORIED_ONLY,,,NOT_TESTED,,Substantive source review pending
.github/workflows/release.yml,0dc7d5399c6889e015aebc9ba02e694a909d6e9c,505b4250f78be17f1fbb433d052d5bef9bd2fffbc63603d8589029b4b42af7d6,build/CI/configuration,build and tooling,INVENTORIED_ONLY,,,NOT_TESTED,,Substantive source review pending
.gitignore,0dc7d5399c6889e015aebc9ba02e694a909d6e9c,44400583b10551f95fb78ffb918ba090343600d1cbf03a80faeebcaa45f20652,build/CI/configuration,build and tooling,INVENTORIED_ONLY,,,NOT_TESTED,,Substantive source review pending
.vscode/extensions.json,0dc7d5399c6889e015aebc9ba02e694a909d6e9c,fcaabcc9af285f129e11c3db4677c9413bc1545c12327997e4b931de14f7d9d3,data/configuration,extensions,INVENTORIED_ONLY,,,NOT_TESTED,,Substantive source review pending
.vscode/launch.json,0dc7d5399c6889e015aebc9ba02e694a909d6e9c,9e986e720e070dfcaa67c539bd893fb6c8ec8d5810bd90864e17bc0ea8b1fc08,data/configuration,launch,INVENTORIED_ONLY,,,NOT_TESTED,,Substantive source review pending
Dockerfile,0dc7d5399c6889e015aebc9ba02e694a909d6e9c,157955d842ab9eee8f097e877fca680aaa9de99bddda5a849e636bb8de920aa6,build/CI/configuration,build and tooling,INVENTORIED_ONLY,,,NOT_TESTED,,Substantive source review pending
LICENSE,0dc7d5399c6889e015aebc9ba02e694a909d6e9c,07fa9d18f12dc119b85d838c2cd94b40716c6182f4a98c20597cee9dc15e9f3a,reference/documentation,documentation,EXCLUDED_WITH_REASON,,,NOT_TESTED,,Not application source; retained as reference/documentation
README.md,0dc7d5399c6889e015aebc9ba02e694a909d6e9c,36fd986f83df730c4a93a34520f85205cdc4a678bbf44acf620a0c1010690af5,reference/documentation,documentation,EXCLUDED_WITH_REASON,,,NOT_TESTED,,Not application source; retained as reference/documentation
RELEASE_CHECKLIST.md,0dc7d5399c6889e015aebc9ba02e694a909d6e9c,73e6f073a3f257dd62ea46c5c4b3d56bc1510f0a174af8df38e43795f960f16c,reference/documentation,documentation,EXCLUDED_WITH_REASON,,,NOT_TESTED,,Not application source; retained as reference/documentation
adopt.go,0dc7d5399c6889e015aebc9ba02e694a909d6e9c,88b14fa4e0e37dbe42aa984bfdb2de77246e39586570e239843e57af38f2e0ea,first-party production,adopt,INVENTORIED_ONLY,,,NOT_TESTED,,Substantive source review pending
adopt_test.go,0dc7d5399c6889e015aebc9ba02e694a909d6e9c,2d052655aa4b8c1fd3be57c2d74ad77a0870bc22534617e44a281220b050b7fc,first-party test,tests: adopt,INVENTORIED_ONLY,,"NEW_DESKTOP_BASELINE-2026-09-19.md; retained tests.stdout; top-level outcomes {""skip"": 3}; absent from selected run: ",NAMED_TEST_RESULTS_ONLY,,Substantive source review pending
apiguard_test.go,0dc7d5399c6889e015aebc9ba02e694a909d6e9c,95cb88f23d0e2e992910127de85d5e14df24f4160e1bd31f5573a13774963202,first-party test,tests: apiguard,INVENTORIED_ONLY,,"NEW_DESKTOP_BASELINE-2026-09-19.md; retained tests.stdout; top-level outcomes {""pass"": 8}; absent from selected run: ",NAMED_TEST_RESULTS_ONLY,,Substantive source review pending
appbackup.go,0dc7d5399c6889e015aebc9ba02e694a909d6e9c,c088995ee6dba916c1b3f6657f84e9a7d8b435d187fc0643fa3fb8b060df27d9,first-party production,appbackup,PARTIAL,100-245 gatherMembers/exportAppBackupTo; 295-355 verifyAppBackup/InspectAppBackup; 363-455 RestoreAppBackup publication/reopen; 506-526 maybeAutoExport,"PERSISTENCE_REVIEW-2026-09-19.md; precise baseline/probe symbol coverage, not full-file runtime coverage",SOURCE_ONLY_THIS_PASS,OB-010;OB-011;OBX-004;OB-003,Outside listed ranges remains unreviewed; see PERSISTENCE_REVIEW-2026-09-19.md for missing failure/OS tests
appbackup_test.go,0dc7d5399c6889e015aebc9ba02e694a909d6e9c,df6e8966adab7d31a21c3a0e12080a43b2c61f3cb45b671800cd1c94f7e91efd,first-party test,tests: appbackup,INVENTORIED_ONLY,,"NEW_DESKTOP_BASELINE-2026-09-19.md; retained tests.stdout; top-level outcomes {""pass"": 4}; absent from selected run: ",NAMED_TEST_RESULTS_ONLY,,Substantive source review pending
atomic_replace_test.go,0dc7d5399c6889e015aebc9ba02e694a909d6e9c,b46875d17a29c716ec5308f236feae47471d1755c5ce124dc3d0728cee1f0bf5,first-party test,tests: atomic_replace,INVENTORIED_ONLY,,"NEW_DESKTOP_BASELINE-2026-09-19.md; retained tests.stdout; top-level outcomes {""pass"": 8}; absent from selected run: ",NAMED_TEST_RESULTS_ONLY,,Substantive source review pending
auth_test.go,0dc7d5399c6889e015aebc9ba02e694a909d6e9c,e4f65a66ebeb987500e21497c1450ce55498d98d700e1ce1618c5d83eaa63e80,first-party test,tests: auth,SOURCE_REVIEWED,entire file: TestIsLocalhostAddr/TestAuthMiddleware/hitAuth,"NEW_DESKTOP_BASELINE-2026-09-19.md; retained tests.stdout; top-level outcomes {""pass"": 2}; absent from selected run: ",NAMED_TEST_RESULTS_ONLY,OBX-004,Source read complete for this file; platform and untested failure paths remain; not whole-product assurance
bagit.go,0dc7d5399c6889e015aebc9ba02e694a909d6e9c,d61c043b210f90bd5229bc170c58c3639b945f978431e49cbf7c5f47f5aa6e00,first-party production,bagit,INVENTORIED_ONLY,,,NOT_TESTED,,Substantive source review pending
bagit_test.go,0dc7d5399c6889e015aebc9ba02e694a909d6e9c,f973ef4eb725f3bcc455810077d828a224a32a0c78604ead8c7bbc1a1de4a509,first-party test,tests: bagit,INVENTORIED_ONLY,,"NEW_DESKTOP_BASELINE-2026-09-19.md; retained tests.stdout; top-level outcomes {""pass"": 6}; absent from selected run: ",NAMED_TEST_RESULTS_ONLY,,Substantive source review pending
browse.go,0dc7d5399c6889e015aebc9ba02e694a909d6e9c,5770d4ad169c8bfdc81e6954b201461044cb38d9dd8e1ac4736042276e3c3669,first-party production,browse,INVENTORIED_ONLY,,,NOT_TESTED,,Substantive source review pending
build_verify_test.go,0dc7d5399c6889e015aebc9ba02e694a909d6e9c,d12acce608c680c61e442581b11bf4dba3facb4c2a41b1013fd38cba408bb091,first-party test,tests: build_verify,INVENTORIED_ONLY,,"NEW_DESKTOP_BASELINE-2026-09-19.md; retained tests.stdout; top-level outcomes {""skip"": 4}; absent from selected run: ",NAMED_TEST_RESULTS_ONLY,,Substantive source review pending
build_verify_windows_containment_test.go,0dc7d5399c6889e015aebc9ba02e694a909d6e9c,58842897833734296c3ffe09dab02361c4c51be76bca1d138e2425cfc3b02d6b,first-party test,tests: build_verify_windows_containment,INVENTORIED_ONLY,,"NEW_DESKTOP_BASELINE-2026-09-19.md; retained tests.stdout; top-level outcomes {""pass"": 1, ""skip"": 7}; absent from selected run: ",NAMED_TEST_RESULTS_ONLY,,Substantive source review pending
burner.go,0dc7d5399c6889e015aebc9ba02e694a909d6e9c,e1fea935b163d77c30abb76dc214edd5cf4ccbcd6e9a2a62107f6985c3deb241,first-party production,burner,INVENTORIED_ONLY,,,NOT_TESTED,,Substantive source review pending
cardcheck.go,0dc7d5399c6889e015aebc9ba02e694a909d6e9c,7fdcd6ac234c6422149ccd123fc05b9634d9065e867cd029b9e8206c0e488bfc,first-party production,cardcheck,INVENTORIED_ONLY,,,NOT_TESTED,,Substantive source review pending
cardcheck_test.go,0dc7d5399c6889e015aebc9ba02e694a909d6e9c,c6d689dc4b1d11b57af224b69b051f42a3ccb743100b44efb009527e04d7fc5a,first-party test,tests: cardcheck,INVENTORIED_ONLY,,"NEW_DESKTOP_BASELINE-2026-09-19.md; retained tests.stdout; top-level outcomes {""pass"": 4, ""skip"": 1}; absent from selected run: ",NAMED_TEST_RESULTS_ONLY,,Substantive source review pending
catalog_open_test.go,0dc7d5399c6889e015aebc9ba02e694a909d6e9c,13bc5e2e887313f062b5f4ca9798f113520094c5ec0dae0c5c874c813487c9a3,first-party test,tests: catalog_open,INVENTORIED_ONLY,,"NEW_DESKTOP_BASELINE-2026-09-19.md; retained tests.stdout; top-level outcomes {""pass"": 9}; absent from selected run: ",NAMED_TEST_RESULTS_ONLY,,Substantive source review pending
catalog_scale_test.go,0dc7d5399c6889e015aebc9ba02e694a909d6e9c,c99b4b201f82ae4793c2f8f0fd444649924c1a8e54e61b3078a11a65ded74c73,first-party test,tests: catalog_scale,INVENTORIED_ONLY,,"NEW_DESKTOP_BASELINE-2026-09-19.md; retained tests.stdout; top-level outcomes {""skip"": 1}; absent from selected run: ",NAMED_TEST_RESULTS_ONLY,,Substantive source review pending
conflicts.go,0dc7d5399c6889e015aebc9ba02e694a909d6e9c,c6d353310ddd4c71b79d6821d5cbdfa9fe95d45f1987c6e71cffddbde245f007,first-party production,conflicts,INVENTORIED_ONLY,,,NOT_TESTED,,Substantive source review pending
conflicts_test.go,0dc7d5399c6889e015aebc9ba02e694a909d6e9c,d116585e4dd13ca877dcc5218309946a0efcbb2a097cb8b02cab3343ed6df090,first-party test,tests: conflicts,INVENTORIED_ONLY,,"NEW_DESKTOP_BASELINE-2026-09-19.md; retained tests.stdout; top-level outcomes {""pass"": 2}; absent from selected run: ",NAMED_TEST_RESULTS_ONLY,,Substantive source review pending
copy_health_test.go,0dc7d5399c6889e015aebc9ba02e694a909d6e9c,d180ca4ef4976812a2a705630bcfe745a5e5af6eeb0478e76385917036b6f2a3,first-party test,tests: copy_health,INVENTORIED_ONLY,,"NEW_DESKTOP_BASELINE-2026-09-19.md; retained tests.stdout; top-level outcomes {""skip"": 1}; absent from selected run: ",NAMED_TEST_RESULTS_ONLY,,Substantive source review pending
datamap.go,0dc7d5399c6889e015aebc9ba02e694a909d6e9c,db6c0b461ce12947391943ea9f55144b2bc562f34361f5e0f4a1595ef03fcd00,first-party production,datamap,INVENTORIED_ONLY,,,NOT_TESTED,,Substantive source review pending
datamap_test.go,0dc7d5399c6889e015aebc9ba02e694a909d6e9c,8139abb761fb1d615adea30b08b2a80793b2d38f4beba21d22d31e528623d874,first-party test,tests: datamap,INVENTORIED_ONLY,,"NEW_DESKTOP_BASELINE-2026-09-19.md; retained tests.stdout; top-level outcomes {""pass"": 4}; absent from selected run: ",NAMED_TEST_RESULTS_ONLY,,Substantive source review pending
deviceid.go,0dc7d5399c6889e015aebc9ba02e694a909d6e9c,15ae93b4db80b592d6ff382e24baf02de2e55a690b6273a9915098a1cfe943a1,first-party production,deviceid,INVENTORIED_ONLY,,,NOT_TESTED,,Substantive source review pending
deviceid_unix.go,0dc7d5399c6889e015aebc9ba02e694a909d6e9c,7bcbea76b28d89176fed89cfe9ad3ed27b261bc1e0baf85bd1eadf8f3dfb571d,first-party production,deviceid_unix,INVENTORIED_ONLY,,,NOT_TESTED,,Substantive source review pending
deviceid_windows.go,0dc7d5399c6889e015aebc9ba02e694a909d6e9c,09784f2fc73bea033ebb0d8caaa3d86a124759c8f0bfd6ea5ace6cf043637216,first-party production,deviceid_windows,INVENTORIED_ONLY,,,NOT_TESTED,,Substantive source review pending
dirsync_unix.go,0dc7d5399c6889e015aebc9ba02e694a909d6e9c,3479a216926bf995714f12afecd6b88f6ed6374b66c62b14a6d046dea5a78495,first-party production,dirsync_unix,INVENTORIED_ONLY,,,NOT_TESTED,,Substantive source review pending
dirsync_windows.go,0dc7d5399c6889e015aebc9ba02e694a909d6e9c,5fea9c891ce63e8ad169723778c57e529ec0e9614b202d3d531ddc4c0270a4c3,first-party production,dirsync_windows,SOURCE_REVIEWED,1-9 entire Windows syncDir no-op,"PERSISTENCE_REVIEW-2026-09-19.md; precise baseline/probe symbol coverage, not full-file runtime coverage",SOURCE_ONLY_THIS_PASS,OB-002;OB-003,Source read complete for this file; platform and untested failure paths remain; not whole-product assurance
diskfree_unix.go,0dc7d5399c6889e015aebc9ba02e694a909d6e9c,8b6e4f56829bbcbc7caad6a75551f31968ac9375e4b542827484e00336a9bbc4,first-party production,diskfree_unix,INVENTORIED_ONLY,,,NOT_TESTED,,Substantive source review pending
diskfree_windows.go,0dc7d5399c6889e015aebc9ba02e694a909d6e9c,4ca61bf8ed12f9853ea7498957ad668784ed565aac061b858e074c128e5c3270,first-party production,diskfree_windows,INVENTORIED_ONLY,,,NOT_TESTED,,Substantive source review pending
dock.go,0dc7d5399c6889e015aebc9ba02e694a909d6e9c,9fcb4cc84cd138beb35e47da23083ab65922482339d58b3bd7140bbb87df83ac,first-party production,dock,INVENTORIED_ONLY,,,NOT_TESTED,,Substantive source review pending
dock_mounts_unix.go,0dc7d5399c6889e015aebc9ba02e694a909d6e9c,b5eb84b2ea8cb47648d0d7bbf28bfd591f353911012b44dd057714ef00218b40,first-party production,dock_mounts_unix,INVENTORIED_ONLY,,,NOT_TESTED,,Substantive source review pending
dock_mounts_windows.go,0dc7d5399c6889e015aebc9ba02e694a909d6e9c,057a0a6e915b24b27c672d590c6465d9617e5d145459d0f6ad1e53d986bf281f,first-party production,dock_mounts_windows,INVENTORIED_ONLY,,,NOT_TESTED,,Substantive source review pending
dock_test.go,0dc7d5399c6889e015aebc9ba02e694a909d6e9c,1740252da04d73aba82d7fbe0d71abc000f5c43a1d38822768906c5f921abbda,first-party test,tests: dock,INVENTORIED_ONLY,,"NEW_DESKTOP_BASELINE-2026-09-19.md; retained tests.stdout; top-level outcomes {""pass"": 1}; absent from selected run: ",NAMED_TEST_RESULTS_ONLY,,Substantive source review pending
docker-compose.yml,0dc7d5399c6889e015aebc9ba02e694a909d6e9c,62a71fca09d83cfe0fb9ee5a5361b403d1dac2aff8ae08ce561f1c08801a8c74,build/CI/configuration,build and tooling,INVENTORIED_ONLY,,,NOT_TESTED,,Substantive source review pending
docs/ARCHITECTURE.md,0dc7d5399c6889e015aebc9ba02e694a909d6e9c,63c19810b5f03bf31c292cfdc271411a82efc65156023eeda2333c7ee8ea133e,reference/documentation,documentation,EXCLUDED_WITH_REASON,,,NOT_TESTED,,Not application source; retained as reference/documentation
docs/COMPARISON.md,0dc7d5399c6889e015aebc9ba02e694a909d6e9c,31337747bbdfa2c6121ed481329e91cf62f795ad20e53ce58772acb76bfd2ce6,reference/documentation,documentation,EXCLUDED_WITH_REASON,,,NOT_TESTED,,Not application source; retained as reference/documentation
docs/CONTRIBUTING.md,0dc7d5399c6889e015aebc9ba02e694a909d6e9c,9b478da3f9ced95a9f131badae2aa85e7c616ca4d44d1f4219e9c30500069fda,reference/documentation,documentation,EXCLUDED_WITH_REASON,,,NOT_TESTED,,Not application source; retained as reference/documentation
docs/RESTORE_RUNBOOK.md,0dc7d5399c6889e015aebc9ba02e694a909d6e9c,7aea44781f700d38b249590fb793c55f35ceb9defcd5dfe23284960efac9128c,reference/documentation,documentation,EXCLUDED_WITH_REASON,,,NOT_TESTED,,Not application source; retained as reference/documentation
docs/development/BASELINE-2026-09-06.md,0dc7d5399c6889e015aebc9ba02e694a909d6e9c,57988c0b857c69f3b166dff77a95d86b6e86b38ec2262a24e73b56737552608e,historical reference,review history,EXCLUDED_WITH_REASON,,,NOT_TESTED,,Not application source; retained as historical reference
docs/development/NEXT_ACTIONS.md,0dc7d5399c6889e015aebc9ba02e694a909d6e9c,496ea54d7ebcd5b9cd84a72b1e8dfd18af4d62876ef95d2ba267f7e933605a0e,historical reference,review history,EXCLUDED_WITH_REASON,,,NOT_TESTED,,Not application source; retained as historical reference
docs/development/OB_STATUS.md,0dc7d5399c6889e015aebc9ba02e694a909d6e9c,4debe804b0ed2788b4a59c466536e11f643d13e3f2db419871204850cd5b7294,historical reference,review history,EXCLUDED_WITH_REASON,,,NOT_TESTED,,Not application source; retained as historical reference
docs/development/reviews/OBX-001-WINDOWS-FIXTURE-2026-09-07.md,0dc7d5399c6889e015aebc9ba02e694a909d6e9c,b6281c6b4a1d2758bb99cfaf467da94f5bbd9f4f1465aaf2e9a5acf0540a3f1a,historical reference,review history,EXCLUDED_WITH_REASON,,,NOT_TESTED,,Not application source; retained as historical reference
docs/development/reviews/OBX-006-CONTAINMENT-2026-09-07.md,0dc7d5399c6889e015aebc9ba02e694a909d6e9c,b27a7d3b54ab67f6472912ed295ae02129d60e942a9048dafdf7cbc1c4deb262,historical reference,review history,EXCLUDED_WITH_REASON,,,NOT_TESTED,,Not application source; retained as historical reference
docs/development/reviews/OBX-006-CONTAINMENT-REVIEW-2026-09-07.md,0dc7d5399c6889e015aebc9ba02e694a909d6e9c,faa18d13253186b81af1f5a71b0b11498197c57e6e09edac1882faa8f09e63ba,historical reference,review history,EXCLUDED_WITH_REASON,,,NOT_TESTED,,Not application source; retained as historical reference
docs/development/reviews/OBX-006-WINDOWS-UNICODE-IMPLEMENTATION-2026-09-07.md,0dc7d5399c6889e015aebc9ba02e694a909d6e9c,803232e8edf1eb65c35be7d2be83045c11b3aadc826f7ab0087b4656cd4485e5,historical reference,review history,EXCLUDED_WITH_REASON,,,NOT_TESTED,,Not application source; retained as historical reference
docs/development/reviews/PR01-OB-001-2026-09-06.md,0dc7d5399c6889e015aebc9ba02e694a909d6e9c,78a45fc095c9dadbb19bb7764ac13f9fd86b9e2497499c124d6122c0d2a36f25,historical reference,review history,EXCLUDED_WITH_REASON,,,NOT_TESTED,,Not application source; retained as historical reference
docs/development/reviews/PR01-OB-001-FOCUSED-RECHECK-2026-09-06.md,0dc7d5399c6889e015aebc9ba02e694a909d6e9c,2009e5fff98f2426c49a2a6195035622f381a549b274d6b3f641512065f2cd37,historical reference,review history,EXCLUDED_WITH_REASON,,,NOT_TESTED,,Not application source; retained as historical reference
docs/development/reviews/PR01-OB-001-INDEPENDENT-REVIEW-2026-09-06.md,0dc7d5399c6889e015aebc9ba02e694a909d6e9c,1b5cc6042dce58acf015debb18f96bfaf6139d3a3c9fc1a80a2f5fe25beab33b,historical reference,review history,EXCLUDED_WITH_REASON,,,NOT_TESTED,,Not application source; retained as historical reference
docs/development/reviews/PR01-OB-001-REVIEW-FOLLOWUP-2026-09-06.md,0dc7d5399c6889e015aebc9ba02e694a909d6e9c,60d93d467c90b2c6268f3b351a6f37ef7970f260e0078830c8f126e56995c670,historical reference,review history,EXCLUDED_WITH_REASON,,,NOT_TESTED,,Not application source; retained as historical reference
docs/development/reviews/PR02-OB-003-EXTERNAL-REVIEW-2026-09-07.md,0dc7d5399c6889e015aebc9ba02e694a909d6e9c,83d25498c75698d03553c2c08f719a2415809b55bb89db432902d2cfa37cc0a0,historical reference,review history,EXCLUDED_WITH_REASON,,,NOT_TESTED,,Not application source; retained as historical reference
docs/development/reviews/PR02-OB-003-IMPLEMENTATION-2026-09-07.md,0dc7d5399c6889e015aebc9ba02e694a909d6e9c,adcac2c082e9e2daa0f63030913d4e04a300f9c2bda03d7d267628c54107fc2f,historical reference,review history,EXCLUDED_WITH_REASON,,,NOT_TESTED,,Not application source; retained as historical reference
docs/development/reviews/PR02-OB-003-INDEPENDENT-REVIEW-2026-09-07.md,0dc7d5399c6889e015aebc9ba02e694a909d6e9c,774bab36e0dc794e7662b44e8879d907b0d4c3f6acce9b67859068e4d2453bd9,historical reference,review history,EXCLUDED_WITH_REASON,,,NOT_TESTED,,Not application source; retained as historical reference
docs/development/reviews/PR02-OB-003-REVIEW-FOLLOWUP-2026-09-07.md,0dc7d5399c6889e015aebc9ba02e694a909d6e9c,b4eaf0c610e51c6007d73aa50f697249eb50b8923a042417e9f65da156b631b2,historical reference,review history,EXCLUDED_WITH_REASON,,,NOT_TESTED,,Not application source; retained as historical reference
docs/development/reviews/PR03-OB-002-FOCUSED-RECHECK-2026-09-07.md,0dc7d5399c6889e015aebc9ba02e694a909d6e9c,267705583889cd36343e732cf4a76cf6dc6236e106da13b0b1463c3c170decc7,historical reference,review history,EXCLUDED_WITH_REASON,,,NOT_TESTED,,Not application source; retained as historical reference
docs/development/reviews/PR03-OB-002-FRESH-REVIEW-2026-09-07.md,0dc7d5399c6889e015aebc9ba02e694a909d6e9c,18df0387b5af04c1dc99fda5e4b55db2099e001351d1a276ff499c91e1738c77,historical reference,review history,EXCLUDED_WITH_REASON,,,NOT_TESTED,,Not application source; retained as historical reference
docs/development/reviews/PR03-OB-002-IMPLEMENTATION-2026-09-07.md,0dc7d5399c6889e015aebc9ba02e694a909d6e9c,6b734a3c86b1e093351bddcb2ca5b3a35843da23b152567e7848d614791d235e,historical reference,review history,EXCLUDED_WITH_REASON,,,NOT_TESTED,,Not application source; retained as historical reference
docs/development/reviews/PR03-OB-002-REVIEW-FOLLOWUP-2026-09-07.md,0dc7d5399c6889e015aebc9ba02e694a909d6e9c,253da4e9ae95f6556ad63a49a34d7543ac9ddff9dea3b0a26e44897e64de947a,historical reference,review history,EXCLUDED_WITH_REASON,,,NOT_TESTED,,Not application source; retained as historical reference
docs/development/reviews/PR03-OB-002-UI-PRECEDENCE-CLOSEOUT-2026-09-07.md,0dc7d5399c6889e015aebc9ba02e694a909d6e9c,aa65cd466110aecf4dd7a3740837f90458a9e727c3c70cac1b56429e5ba889f9,historical reference,review history,EXCLUDED_WITH_REASON,,,NOT_TESTED,,Not application source; retained as historical reference
docs/development/reviews/PR03-OB-002-UI-TARGETED-RECHECK-2026-09-07.md,0dc7d5399c6889e015aebc9ba02e694a909d6e9c,8d51293848e0fff31cf9d8ed18a934d4aeb38953c8c82e828fe52ad0b51c1a6d,historical reference,review history,EXCLUDED_WITH_REASON,,,NOT_TESTED,,Not application source; retained as historical reference
docs/handbook/00-what-is-this.md,0dc7d5399c6889e015aebc9ba02e694a909d6e9c,70029afe6542883eac60f739d4dfcecd6ace5373eac856240efb09fac7eba810,reference/documentation,documentation,EXCLUDED_WITH_REASON,,,NOT_TESTED,,Not application source; retained as reference/documentation
docs/handbook/01-install-and-first-run.md,0dc7d5399c6889e015aebc9ba02e694a909d6e9c,5fef9960d759e8797aabd66854cbdd26abf817a5b76ff553a0affae9fe87f040,reference/documentation,documentation,EXCLUDED_WITH_REASON,,,NOT_TESTED,,Not application source; retained as reference/documentation
docs/handbook/02-set-up-safely.md,0dc7d5399c6889e015aebc9ba02e694a909d6e9c,d3677cd196d73b53c85a7817f4bfe2e81a7d74a130bb5a504f5588375b5f542f,reference/documentation,documentation,EXCLUDED_WITH_REASON,,,NOT_TESTED,,Not application source; retained as reference/documentation
docs/handbook/03-your-first-backup.md,0dc7d5399c6889e015aebc9ba02e694a909d6e9c,4fa4f9b3e72990c65c8768308c3b897d14373d0efa18efd86cf7f270effefe1b,reference/documentation,documentation,EXCLUDED_WITH_REASON,,,NOT_TESTED,,Not application source; retained as reference/documentation
docs/handbook/04-the-3-2-1-setup.md,0dc7d5399c6889e015aebc9ba02e694a909d6e9c,b32cce6f075eb540ba20138eb09e85a4204f39e9aeca2fccb2dad1fac2b28b9e,reference/documentation,documentation,EXCLUDED_WITH_REASON,,,NOT_TESTED,,Not application source; retained as reference/documentation
docs/handbook/05-tape.md,0dc7d5399c6889e015aebc9ba02e694a909d6e9c,485a989a4c94cf7dfc3e8736faa9a057b0bddd3d5a057a03730cf4996b53fddc,reference/documentation,documentation,EXCLUDED_WITH_REASON,,,NOT_TESTED,,Not application source; retained as reference/documentation
docs/handbook/06-discs-and-drives.md,0dc7d5399c6889e015aebc9ba02e694a909d6e9c,a8d876ac25812f654dedb470cdabc5bbb10bfde53535b5094eed5e746b98e490,reference/documentation,documentation,EXCLUDED_WITH_REASON,,,NOT_TESTED,,Not application source; retained as reference/documentation
docs/handbook/07-checking-on-your-archive.md,0dc7d5399c6889e015aebc9ba02e694a909d6e9c,2cf4f96fef6831a552045aca9729629458cef20cedf62d357e6afd12f47278d8,reference/documentation,documentation,EXCLUDED_WITH_REASON,,,NOT_TESTED,,Not application source; retained as reference/documentation
docs/handbook/08-getting-files-back.md,0dc7d5399c6889e015aebc9ba02e694a909d6e9c,898e707654eeb7356547d335ccb59cb615271635f988f82e2c694d660b973a86,reference/documentation,documentation,EXCLUDED_WITH_REASON,,,NOT_TESTED,,Not application source; retained as reference/documentation
docs/handbook/09-the-recovery-kit.md,0dc7d5399c6889e015aebc9ba02e694a909d6e9c,6d477fb62f917d720419cfe469d84b1f1816a4a47839dae43c0c38c392577563,reference/documentation,documentation,EXCLUDED_WITH_REASON,,,NOT_TESTED,,Not application source; retained as reference/documentation
docs/handbook/10-where-your-data-lives.md,0dc7d5399c6889e015aebc9ba02e694a909d6e9c,e2b0a963cea4f1b76d1e74a5559e8d80b318a46a8461578da2e7bb2c2a55d0ac,reference/documentation,documentation,EXCLUDED_WITH_REASON,,,NOT_TESTED,,Not application source; retained as reference/documentation
docs/handbook/11-keeping-a-backup-current.md,0dc7d5399c6889e015aebc9ba02e694a909d6e9c,f2e21e268cc839575ad9a13f8d959398b398b86699949e0f8eff477af01da218,reference/documentation,documentation,EXCLUDED_WITH_REASON,,,NOT_TESTED,,Not application source; retained as reference/documentation
docs/handbook/12-moving-to-a-new-computer.md,0dc7d5399c6889e015aebc9ba02e694a909d6e9c,fc2a2e8dc0d6436cb7d2f18706d8fd65e35a360488598a351b644e6a38e12b73,reference/documentation,documentation,EXCLUDED_WITH_REASON,,,NOT_TESTED,,Not application source; retained as reference/documentation
docs/handbook/README.md,0dc7d5399c6889e015aebc9ba02e694a909d6e9c,ae757cc11317d0d9d4b7ac83d99e3a93d965ebec0d1f9eca410a02668309730e,reference/documentation,documentation,EXCLUDED_WITH_REASON,,,NOT_TESTED,,Not application source; retained as reference/documentation
docs/handbook/glossary.md,0dc7d5399c6889e015aebc9ba02e694a909d6e9c,2533a13f5c54f0fa964db4c00417c139bfa73af64ce50f4cbb13dd2811ea87a3,reference/documentation,documentation,EXCLUDED_WITH_REASON,,,NOT_TESTED,,Not application source; retained as reference/documentation
docs/handbook/troubleshooting.md,0dc7d5399c6889e015aebc9ba02e694a909d6e9c,9b67ae046a5638e92848336e8c337a80cf31b069475b54d4378052c8a5914788,reference/documentation,documentation,EXCLUDED_WITH_REASON,,,NOT_TESTED,,Not application source; retained as reference/documentation
docs/img/README.md,0dc7d5399c6889e015aebc9ba02e694a909d6e9c,9c6ceddaef19ee07f41260a4b30b16a57f0f2184a68437248cb64a48e0e63bbf,reference/documentation,documentation,EXCLUDED_WITH_REASON,,,NOT_TESTED,,Not application source; retained as reference/documentation
drift.go,0dc7d5399c6889e015aebc9ba02e694a909d6e9c,afc77e3e7acd1a131940c4ea7b43c026d8229a08f7b953e2457e500f377f8e25,first-party production,drift,INVENTORIED_ONLY,,,NOT_TESTED,,Substantive source review pending
durability_gate_test.go,0dc7d5399c6889e015aebc9ba02e694a909d6e9c,3973a7a0f8d7cfb082d0e9a87d71045737198a30edcb94dc9c3d82a480855ab5,first-party test,tests: durability_gate,INVENTORIED_ONLY,,"NEW_DESKTOP_BASELINE-2026-09-19.md; retained tests.stdout; top-level outcomes {""pass"": 1, ""skip"": 1}; absent from selected run: ",NAMED_TEST_RESULTS_ONLY,,Substantive source review pending
durable_completion_followup_test.go,0dc7d5399c6889e015aebc9ba02e694a909d6e9c,0e22ecc5124f41b97bf5edd3bc8743da96f398200d50f99e7bdd06f1e3e21dec,first-party test,tests: durable_completion_followup,INVENTORIED_ONLY,,"NEW_DESKTOP_BASELINE-2026-09-19.md; retained tests.stdout; top-level outcomes {""pass"": 8}; absent from selected run: ",NAMED_TEST_RESULTS_ONLY,,Substantive source review pending
durable_completion_test.go,0dc7d5399c6889e015aebc9ba02e694a909d6e9c,3a4837e343aa00d878d6daf32b6f5bc752564c403c315ef2bcc0cc999768351f,first-party test,tests: durable_completion,INVENTORIED_ONLY,,"NEW_DESKTOP_BASELINE-2026-09-19.md; retained tests.stdout; top-level outcomes {""pass"": 10}; absent from selected run: ",NAMED_TEST_RESULTS_ONLY,,Substantive source review pending
durable_completion_ui_test.go,0dc7d5399c6889e015aebc9ba02e694a909d6e9c,c9746527013416cf74b03895248d45a34b0cb678739df4ad7948d1993e9f93f7,first-party test,tests: durable_completion_ui,INVENTORIED_ONLY,,"NEW_DESKTOP_BASELINE-2026-09-19.md; retained tests.stdout; top-level outcomes {""pass"": 2}; absent from selected run: ",NAMED_TEST_RESULTS_ONLY,,Substantive source review pending
dvdisaster.go,0dc7d5399c6889e015aebc9ba02e694a909d6e9c,b056e271efb878f6b867f52958412581e7b6a7592e1a7b6fc23dfc6fe63911d1,first-party production,dvdisaster,INVENTORIED_ONLY,,,NOT_TESTED,,Substantive source review pending
dvdisaster_test.go,0dc7d5399c6889e015aebc9ba02e694a909d6e9c,9d4f744cd754b7d5878b093e8dceea14281a1c66ba307c374d3e8c1e7ac270af,first-party test,tests: dvdisaster,INVENTORIED_ONLY,,"NEW_DESKTOP_BASELINE-2026-09-19.md; retained tests.stdout; top-level outcomes {""pass"": 6}; absent from selected run: ",NAMED_TEST_RESULTS_ONLY,,Substantive source review pending
escrow.go,0dc7d5399c6889e015aebc9ba02e694a909d6e9c,5f0bb597184a725133c7691e3dc4da83c7866cc8dd8e6f86bb80eba2ef922962,first-party production,escrow,INVENTORIED_ONLY,,,NOT_TESTED,,Substantive source review pending
escrow/PLACEHOLDER.txt,0dc7d5399c6889e015aebc9ba02e694a909d6e9c,5b016c12b79a21240d17b95272086c8527e9cb499a73e44feff00e318456f1f9,embedded artifact metadata,escrow/assets,EXCLUDED_WITH_REASON,,,NOT_TESTED,,Metadata for embedded source placeholder; not reviewed source
escrow/obelisk-src.tar.gz,0dc7d5399c6889e015aebc9ba02e694a909d6e9c,ce3eeca6bff24f3a0e6cf6d4065a7395bd27740ccddf4b3a44afa0e4a22254ec,binary/embedded artifact,escrow/assets,EXCLUDED_WITH_REASON,,,NOT_TESTED,,Not application source; retained as binary/embedded artifact
escrow_docs.go,0dc7d5399c6889e015aebc9ba02e694a909d6e9c,6b8ae87baba575c724b2c84182d605b92854ddefd1233b2f784be403620fa5a0,first-party production,escrow_docs,INVENTORIED_ONLY,,,NOT_TESTED,,Substantive source review pending
escrow_manifest.json,0dc7d5399c6889e015aebc9ba02e694a909d6e9c,7208612ba0640eb7ed90996713e89aa6f14e0e3984f6afccb4e9f5a4751242dc,data/configuration,escrow_manifest,INVENTORIED_ONLY,,,NOT_TESTED,,Substantive source review pending
escrow_test.go,0dc7d5399c6889e015aebc9ba02e694a909d6e9c,f467ce44e4b26deb728ac047fc6e0c8412b166c471637f2e378b21e711c8dcf3,first-party test,tests: escrow,INVENTORIED_ONLY,,"NEW_DESKTOP_BASELINE-2026-09-19.md; retained tests.stdout; top-level outcomes {""pass"": 8}; absent from selected run: ",NAMED_TEST_RESULTS_ONLY,,Substantive source review pending
events.go,0dc7d5399c6889e015aebc9ba02e694a909d6e9c,b3e4839bbd9d6ec3163532d381cd4442a501ae8ac92cd6766a5cd3943a4f6789,first-party production,events,INVENTORIED_ONLY,,,NOT_TESTED,,Substantive source review pending
events_test.go,0dc7d5399c6889e015aebc9ba02e694a909d6e9c,5a22e26e495eb59f7e5206dab1377764af0423f82d6521a4004b839b4c9b3a87,first-party test,tests: events,INVENTORIED_ONLY,,"NEW_DESKTOP_BASELINE-2026-09-19.md; retained tests.stdout; top-level outcomes {""pass"": 3}; absent from selected run: ",NAMED_TEST_RESULTS_ONLY,,Substantive source review pending
exif.go,0dc7d5399c6889e015aebc9ba02e694a909d6e9c,dc04f54ac598b7c0924fe14f37e0f343f1e37a5a7c63ebe9eedde4bc1464b0a1,first-party production,exif,INVENTORIED_ONLY,,,NOT_TESTED,,Substantive source review pending
exports.go,0dc7d5399c6889e015aebc9ba02e694a909d6e9c,1ad5ef43a5b7a8c2d550f69763c0a7db8a1ffa7c234c43a09c97db681aabc196,first-party production,exports,INVENTORIED_ONLY,,,NOT_TESTED,,Substantive source review pending
exports_test.go,0dc7d5399c6889e015aebc9ba02e694a909d6e9c,6ae773a70d9765af04526e578713e0c16afe3322bfb470a645807565e03ef550,first-party test,tests: exports,INVENTORIED_ONLY,,"NEW_DESKTOP_BASELINE-2026-09-19.md; retained tests.stdout; top-level outcomes {""pass"": 1}; absent from selected run: ",NAMED_TEST_RESULTS_ONLY,,Substantive source review pending
features_5253_test.go,0dc7d5399c6889e015aebc9ba02e694a909d6e9c,aa79ee9b0b3ffa7812108d6cae00aa98814f1cd50eb0cb00290d14224932f7ef,first-party test,tests: features_5253,INVENTORIED_ONLY,,"NEW_DESKTOP_BASELINE-2026-09-19.md; retained tests.stdout; top-level outcomes {""pass"": 3}; absent from selected run: ",NAMED_TEST_RESULTS_ONLY,,Substantive source review pending
finalize.go,0dc7d5399c6889e015aebc9ba02e694a909d6e9c,bb6f43a867f9c2ba282ce8056484654b0a4e00f0b5f03e093f852340d63a9709,first-party production,finalize,INVENTORIED_ONLY,,,NOT_TESTED,,Substantive source review pending
finalize_test.go,0dc7d5399c6889e015aebc9ba02e694a909d6e9c,42abf373bb905cc2825481d7c526ffd8f25cb7cea30742355367b2fdd58f9b54,first-party test,tests: finalize,INVENTORIED_ONLY,,"NEW_DESKTOP_BASELINE-2026-09-19.md; retained tests.stdout; top-level outcomes {""pass"": 2}; absent from selected run: ",NAMED_TEST_RESULTS_ONLY,,Substantive source review pending
format_census_test.go,0dc7d5399c6889e015aebc9ba02e694a909d6e9c,ae4ab5fff800fc308705faf9eec1d1da0762e91a30dc75597d61eacca55a083c,first-party test,tests: format_census,INVENTORIED_ONLY,,"NEW_DESKTOP_BASELINE-2026-09-19.md; retained tests.stdout; top-level outcomes {""pass"": 2}; absent from selected run: ",NAMED_TEST_RESULTS_ONLY,,Substantive source review pending
formats.go,0dc7d5399c6889e015aebc9ba02e694a909d6e9c,ec8d134b7565a7330f7f602ad95977f137a6d16ff0c993f42f4b985b1bb2f3f6,first-party production,formats,INVENTORIED_ONLY,,,NOT_TESTED,,Substantive source review pending
formats.json,0dc7d5399c6889e015aebc9ba02e694a909d6e9c,a9272719772744a403ee488794c33aeba48b16d38d78ad4758072a74123d7509,data/configuration,formats,INVENTORIED_ONLY,,,NOT_TESTED,,Substantive source review pending
generalize_test.go,0dc7d5399c6889e015aebc9ba02e694a909d6e9c,f0cf07a9e507523430a712cd3dda68fab17519a9a55fbb6c2301e167569cbe66,first-party test,tests: generalize,INVENTORIED_ONLY,,"NEW_DESKTOP_BASELINE-2026-09-19.md; retained tests.stdout; top-level outcomes {""pass"": 1}; absent from selected run: ",NAMED_TEST_RESULTS_ONLY,,Substantive source review pending
go.mod,0dc7d5399c6889e015aebc9ba02e694a909d6e9c,ff376102097f93e439eb32bb08a5fde81ea1d64d190bf9185725f94c9f8c2f00,build/CI/configuration,build and tooling,INVENTORIED_ONLY,,,NOT_TESTED,,Substantive source review pending
go.sum,0dc7d5399c6889e015aebc9ba02e694a909d6e9c,1a1f820dae6fd229560ed0e4e6f9ef3dd24df8ff5ff3f4754d8a2b92d238a857,build/CI/configuration,build and tooling,INVENTORIED_ONLY,,,NOT_TESTED,,Substantive source review pending
hashing.go,0dc7d5399c6889e015aebc9ba02e694a909d6e9c,2ab02f40830ce6abb6390bae8040aa277359f35fd8764214ba524fa57c3268e9,first-party production,hashing,INVENTORIED_ONLY,,,NOT_TESTED,,Substantive source review pending
hashing_test.go,0dc7d5399c6889e015aebc9ba02e694a909d6e9c,daf9c7ea3f6dc1a65fbde2c0902fa9e5f7b1f814448813366945aad717210e81,first-party test,tests: hashing,INVENTORIED_ONLY,,"NEW_DESKTOP_BASELINE-2026-09-19.md; retained tests.stdout; top-level outcomes {""pass"": 3}; absent from selected run: ",NAMED_TEST_RESULTS_ONLY,,Substantive source review pending
home.go,0dc7d5399c6889e015aebc9ba02e694a909d6e9c,c30ecf4772d441e2965f8ca10a947cddacbcb9af6dec06894938cc86d62e5e85,first-party production,home,INVENTORIED_ONLY,,,NOT_TESTED,,Substantive source review pending
home_test.go,0dc7d5399c6889e015aebc9ba02e694a909d6e9c,70e25d0a7fff80f5cdc4e3407bcdf195532200dac2e78e971e546cde59143ae8,first-party test,tests: home,INVENTORIED_ONLY,,"NEW_DESKTOP_BASELINE-2026-09-19.md; retained tests.stdout; top-level outcomes {""pass"": 3}; absent from selected run: ",NAMED_TEST_RESULTS_ONLY,,Substantive source review pending
incremental.go,0dc7d5399c6889e015aebc9ba02e694a909d6e9c,b654f207dd1be7cdbd35d7e7f97cd5f67a4d52192bdc98e53faf56dd811c2659,first-party production,incremental,INVENTORIED_ONLY,,,NOT_TESTED,,Substantive source review pending
incremental_test.go,0dc7d5399c6889e015aebc9ba02e694a909d6e9c,9382da0c07ddd0ad15134356c29c4a4f7f47ba6f32d8c67d85df2ac0f41d3073,first-party test,tests: incremental,INVENTORIED_ONLY,,"NEW_DESKTOP_BASELINE-2026-09-19.md; retained tests.stdout; top-level outcomes {""pass"": 3}; absent from selected run: ",NAMED_TEST_RESULTS_ONLY,,Substantive source review pending
inference.go,0dc7d5399c6889e015aebc9ba02e694a909d6e9c,bd73910f5edfa1472bae73129f09e5695daa866a67e38f17f9b5f850a083f4ff,first-party production,inference,INVENTORIED_ONLY,,,NOT_TESTED,,Substantive source review pending
integration_test.go,0dc7d5399c6889e015aebc9ba02e694a909d6e9c,74dd3c52b7ea435336ee5e7942f64ff5e25fb332ea63f461d58d8b2d88de8937,first-party test,tests: integration,INVENTORIED_ONLY,,"NEW_DESKTOP_BASELINE-2026-09-19.md; retained tests.stdout; top-level outcomes {""skip"": 8}; absent from selected run: ",NAMED_TEST_RESULTS_ONLY,,Substantive source review pending
integrity.go,0dc7d5399c6889e015aebc9ba02e694a909d6e9c,a141204ce0d0530262a9026e03a9563f242bf77e2ec8654ee3d8ada7f5413160,first-party production,integrity,PARTIAL,50-94 normBuildVerify/normLevelBC/normalize/presetLabelFor; 149-181 mergeIntegrityBody/applyGlobalIntegrity,"PERSISTENCE_REVIEW-2026-09-19.md; precise baseline/probe symbol coverage, not full-file runtime coverage",SOURCE_ONLY_THIS_PASS,OBX-004,Outside listed ranges remains unreviewed; see PERSISTENCE_REVIEW-2026-09-19.md for missing failure/OS tests
integrity_test.go,0dc7d5399c6889e015aebc9ba02e694a909d6e9c,0bd492054dfe3cf124697c02d500419e335a482ec44f2ce9907883c245367015,first-party test,tests: integrity,INVENTORIED_ONLY,,"NEW_DESKTOP_BASELINE-2026-09-19.md; retained tests.stdout; top-level outcomes {""pass"": 2, ""skip"": 1}; absent from selected run: ",NAMED_TEST_RESULTS_ONLY,,Substantive source review pending
label.go,0dc7d5399c6889e015aebc9ba02e694a909d6e9c,db31c7636192ae9fbc4d31a39c1440be5db87abac0267d5ade76cf948962833b,first-party production,label,INVENTORIED_ONLY,,,NOT_TESTED,,Substantive source review pending
ltfs_unix.go,0dc7d5399c6889e015aebc9ba02e694a909d6e9c,2e3ab33767ebbbacf9600672c52a63396f8e516e78cfd77ab532b6c35f28dca6,first-party production,ltfs_unix,INVENTORIED_ONLY,,,NOT_TESTED,,Substantive source review pending
ltfs_windows.go,0dc7d5399c6889e015aebc9ba02e694a909d6e9c,6cc84197baaf97b9bc981687656d5d1d52e453c767a560d20d7393ae09024a19,first-party production,ltfs_windows,INVENTORIED_ONLY,,,NOT_TESTED,,Substantive source review pending
main.go,0dc7d5399c6889e015aebc9ba02e694a909d6e9c,988b9937b387febfa536f92a838086ebbe3e0fed771ed8894a56c6fc98e63843,first-party production,main,PARTIAL,56-124 startup; 148-167 authMiddleware; 297-321 JSON/body helpers; 503-614 runJob/noteUnrecordedJob; 736-771 config/setup APIs; 777-838 backup API callers; 925-936 collection creation result; 2147-2181 key APIs; 2953-2963 job APIs,"PERSISTENCE_REVIEW-2026-09-19.md; precise baseline/probe symbol coverage, not full-file runtime coverage; C:\Users\nsott\AppData\Local\ObeliskDev\persistence-20260919-131458-90213423\logs\probes.jsonl",BOUNDED_PROBES_ONLY,OBX-004;OB-006;OB-001;OB-002;OB-010,Outside listed ranges remains unreviewed; see PERSISTENCE_REVIEW-2026-09-19.md for missing failure/OS tests
meminfo.go,0dc7d5399c6889e015aebc9ba02e694a909d6e9c,6b5ba49f26d857bf622a052dd54c9a850a289547b48fc9b4f3ffdcdf4fa1a24a,first-party production,meminfo,INVENTORIED_ONLY,,,NOT_TESTED,,Substantive source review pending
meminfo_darwin.go,0dc7d5399c6889e015aebc9ba02e694a909d6e9c,e4a9a0e82fff49d82355421b67bf4343cc8ec3a75cfbe70b370a0db57c7c2e1d,first-party production,meminfo_darwin,INVENTORIED_ONLY,,,NOT_TESTED,,Substantive source review pending
meminfo_linux.go,0dc7d5399c6889e015aebc9ba02e694a909d6e9c,746c245014ccda0625a1d60cd28883c585101e50aa3581651e289d799986f3cb,first-party production,meminfo_linux,INVENTORIED_ONLY,,,NOT_TESTED,,Substantive source review pending
meminfo_other.go,0dc7d5399c6889e015aebc9ba02e694a909d6e9c,f158dabddd7ae7bf867f196c1168cbfee1e86d20eebc0c1c7e4e434259d46d0a,first-party production,meminfo_other,INVENTORIED_ONLY,,,NOT_TESTED,,Substantive source review pending
meminfo_windows.go,0dc7d5399c6889e015aebc9ba02e694a909d6e9c,9626face4212bb23b3278059c4bff3b53ea39986287096dafbf04851b91ad38d,first-party production,meminfo_windows,INVENTORIED_ONLY,,,NOT_TESTED,,Substantive source review pending
metadata.go,0dc7d5399c6889e015aebc9ba02e694a909d6e9c,06db297aaa573f370dd16d38b15b301a7d1a0a83e3d9f18034279f55a7c9640f,first-party production,metadata,INVENTORIED_ONLY,,,NOT_TESTED,,Substantive source review pending
migrate.go,0dc7d5399c6889e015aebc9ba02e694a909d6e9c,e10ec332db58e90305cb774b0615192a1af7ad2edf4ef0785933df357d290db4,first-party production,migrate,INVENTORIED_ONLY,,,NOT_TESTED,,Substantive source review pending
mirror.go,0dc7d5399c6889e015aebc9ba02e694a909d6e9c,efe6da1b372a7325ad1780ecfecb88bc725099d98d5f537dc0934a9a00cad147,first-party production,mirror,PARTIAL,314-354 renameFile/atomicRename contract and implementation only,"PERSISTENCE_REVIEW-2026-09-19.md; precise baseline/probe symbol coverage, not full-file runtime coverage",SOURCE_ONLY_THIS_PASS,OB-003,Outside listed ranges remains unreviewed; see PERSISTENCE_REVIEW-2026-09-19.md for missing failure/OS tests
mirror_test.go,0dc7d5399c6889e015aebc9ba02e694a909d6e9c,900181d4eb964de1c502a30c79a82ea9cfae11f3fa0fbc1ddf3ac1190a8fd854,first-party test,tests: mirror,INVENTORIED_ONLY,,"NEW_DESKTOP_BASELINE-2026-09-19.md; retained tests.stdout; top-level outcomes {""pass"": 4}; absent from selected run: ",NAMED_TEST_RESULTS_ONLY,,Substantive source review pending
optical.go,0dc7d5399c6889e015aebc9ba02e694a909d6e9c,ea4827e9c575012d650fd4a623510988ba275dd5ec0947e10d8d3541a12fa36f,first-party production,optical,INVENTORIED_ONLY,,,NOT_TESTED,,Substantive source review pending
paperkey.go,0dc7d5399c6889e015aebc9ba02e694a909d6e9c,d99a78a3e0af4e0be737ba5b4f770f0135b343dc69850189f635bd4eab6401e6,first-party production,paperkey,INVENTORIED_ONLY,,,NOT_TESTED,,Substantive source review pending
paperkey_test.go,0dc7d5399c6889e015aebc9ba02e694a909d6e9c,83ca9ea596a9686a921e1943f453cc5f024b89eab8cbeac8ef31288af19aeac7,first-party test,tests: paperkey,PARTIAL,35-100 TestRecoveryKitWritesKeyPages related fixture/assertions,"NEW_DESKTOP_BASELINE-2026-09-19.md; retained tests.stdout; top-level outcomes {""pass"": 5}; absent from selected run: ",NAMED_TEST_RESULTS_ONLY,OB-011;OB-006,Outside listed ranges remains unreviewed; see PERSISTENCE_REVIEW-2026-09-19.md for missing failure/OS tests
payload_naming_test.go,0dc7d5399c6889e015aebc9ba02e694a909d6e9c,5b70b8ae4929b5c4b65619f9b92624aac4338d69a43e093016820fac06cb8722,first-party test,tests: payload_naming,INVENTORIED_ONLY,,"NEW_DESKTOP_BASELINE-2026-09-19.md; retained tests.stdout; top-level outcomes {""skip"": 2}; absent from selected run: ",NAMED_TEST_RESULTS_ONLY,,Substantive source review pending
perf.go,0dc7d5399c6889e015aebc9ba02e694a909d6e9c,56fb5f54bf87f414551c9d3598ba1736816f4e29e0eeefb3fc7fece6a53027e3,first-party production,perf,INVENTORIED_ONLY,,,NOT_TESTED,,Substantive source review pending
perf_test.go,0dc7d5399c6889e015aebc9ba02e694a909d6e9c,fbd8ddaad4980e793d0ef274cd77278191c10a801afccbe6edfeabb4d9c87a4a,first-party test,tests: perf,INVENTORIED_ONLY,,"NEW_DESKTOP_BASELINE-2026-09-19.md; retained tests.stdout; top-level outcomes {""pass"": 3}; absent from selected run: ",NAMED_TEST_RESULTS_ONLY,,Substantive source review pending
persistence_test.go,0dc7d5399c6889e015aebc9ba02e694a909d6e9c,0509567d2d7803f0da6c463da827dc9ed5ef0b2985b53f81f177e4c0378af975,first-party test,tests: persistence,SOURCE_REVIEWED,entire file: TestWriteCatalog_SaveFailurePropagates/TestOpenStore_RecoverySaveFailureIsNonFatal,"NEW_DESKTOP_BASELINE-2026-09-19.md; retained tests.stdout; top-level outcomes {""pass"": 2}; absent from selected run: ",NAMED_TEST_RESULTS_ONLY,OB-001;OB-002,Source read complete for this file; platform and untested failure paths remain; not whole-product assurance
pipeline.go,d147a823262757065d7817a233c0327523916e2a,a0cbb5a031afdb869cdb7ae74277f40fd393303c84c121619e00be391a49dec6,first-party production,keystore validation/conflict,OWNER_ACCEPTED_BOUNDED_SCOPE,Owner accepted 2026-09-19 after detached-review execution; provenance disclosed in report. App seams; writeStoreObserved; KeystoreStatus; GenerateKey first-use precheck; Passphrase; SyncKeystores; BuildChunk first-use precheck. Rest of file remains partial/unreviewed.,"reviews/OB-006-KEYSTORE-VALIDATION-IMPLEMENTATION-2026-09-19.md; targeted-ready and suite-ready manifests/logs; exact candidate archived; reviews/OB-006-KEYSTORE-VALIDATION-DETACHED-REVIEW-2026-09-19.md; reviewer 20 targeted and 39 safety passes, 40 subtests; raw AppData evidence LOCAL ONLY",TARGETED_AND_SUITE_EVIDENCE_SCOPED_TO_SYMBOLS,OB-006; OB-011 residual,Multi-store atomicity; concurrent writers; retained generations; GenerateKey/catalog coordination; broader ACL/key-security validation. Rest of pipeline remains partial. Publication adds no new runtime validation.
plans.go,0dc7d5399c6889e015aebc9ba02e694a909d6e9c,ec94787b2895b2673a527dff489891cfa4612400402095ddc233a017b9823327,first-party production,plans,INVENTORIED_ONLY,,,NOT_TESTED,,Substantive source review pending
plans_test.go,0dc7d5399c6889e015aebc9ba02e694a909d6e9c,44e01c87de0278ae2886ae1f08ccb1cf844b728b2032eafb4ee61164502f7840,first-party test,tests: plans,INVENTORIED_ONLY,,"NEW_DESKTOP_BASELINE-2026-09-19.md; retained tests.stdout; top-level outcomes {""pass"": 2}; absent from selected run: ",NAMED_TEST_RESULTS_ONLY,,Substantive source review pending
privacy.go,0dc7d5399c6889e015aebc9ba02e694a909d6e9c,dae7e14fa45e735bddfe0be62a55a189591c665d5c89a184a068e01738762f56,first-party production,privacy,INVENTORIED_ONLY,,,NOT_TESTED,,Substantive source review pending
proccpu_darwin.go,0dc7d5399c6889e015aebc9ba02e694a909d6e9c,710ef28aaa647eed06dafc552a0a6ebd0b7e54508c0198830ece0a45c25aef0c,first-party production,proccpu_darwin,INVENTORIED_ONLY,,,NOT_TESTED,,Substantive source review pending
proccpu_linux.go,0dc7d5399c6889e015aebc9ba02e694a909d6e9c,0114d4c5bf5d769431c7f477e8bfc6965162d6ebcd1faafe9d5ff3a0a425d5ac,first-party production,proccpu_linux,INVENTORIED_ONLY,,,NOT_TESTED,,Substantive source review pending
proccpu_other.go,0dc7d5399c6889e015aebc9ba02e694a909d6e9c,db2da07bf3bd675e15e57862257b945d26729b037c33ef94477cf6eafa60a581,first-party production,proccpu_other,INVENTORIED_ONLY,,,NOT_TESTED,,Substantive source review pending
proccpu_windows.go,0dc7d5399c6889e015aebc9ba02e694a909d6e9c,c7a1f09323ecbe7cc5f3a325bb1bcfb0a191295edb83eca63982e3a0dd3c765d,first-party production,proccpu_windows,INVENTORIED_ONLY,,,NOT_TESTED,,Substantive source review pending
profiles.go,0dc7d5399c6889e015aebc9ba02e694a909d6e9c,78faaebe153910ba1c99cffad4ec98cd1c0b4118f72854eb98b6206937cbb154,first-party production,profiles,INVENTORIED_ONLY,,,NOT_TESTED,,Substantive source review pending
protection_test.go,0dc7d5399c6889e015aebc9ba02e694a909d6e9c,5a70e156960d87c735ae1936dc3521a9b2806c851e257264860ca26d98d40f87,first-party test,tests: protection,INVENTORIED_ONLY,,"NEW_DESKTOP_BASELINE-2026-09-19.md; retained tests.stdout; top-level outcomes {""pass"": 3}; absent from selected run: ",NAMED_TEST_RESULTS_ONLY,,Substantive source review pending
quarantine.go,0dc7d5399c6889e015aebc9ba02e694a909d6e9c,b440cd67b607eec50392123c86ff08c570cdb3490e3f3ea6a490eb9869136486,first-party production,quarantine,INVENTORIED_ONLY,,,NOT_TESTED,,Substantive source review pending
quarantine_test.go,0dc7d5399c6889e015aebc9ba02e694a909d6e9c,4454c5ecc0aaa1c9b6fdadb732f5e5eb108a6ee88f20a4b5953ddc044cf175d5,first-party test,tests: quarantine,INVENTORIED_ONLY,,"NEW_DESKTOP_BASELINE-2026-09-19.md; retained tests.stdout; top-level outcomes {""pass"": 3}; absent from selected run: ",NAMED_TEST_RESULTS_ONLY,,Substantive source review pending
recoverykit.go,0dc7d5399c6889e015aebc9ba02e694a909d6e9c,3d062a3d3c931f7cbbeee2e0a795b324befbee8649a09f16938659cbc879be8b,first-party production,recoverykit,PARTIAL,"35-55 destination/key registry acquisition; 125-183 key lookup, secret-bearing outputs and final audit","PERSISTENCE_REVIEW-2026-09-19.md; precise baseline/probe symbol coverage, not full-file runtime coverage",SOURCE_ONLY_THIS_PASS,OB-011;OB-006;OB-002,Outside listed ranges remains unreviewed; see PERSISTENCE_REVIEW-2026-09-19.md for missing failure/OS tests
removal.go,0dc7d5399c6889e015aebc9ba02e694a909d6e9c,c9edb9d6fe13eac499510dcb3023d35568f9cc738ecaaa234ca1b7af6b571acf,first-party production,removal,INVENTORIED_ONLY,,,NOT_TESTED,,Substantive source review pending
removal_test.go,0dc7d5399c6889e015aebc9ba02e694a909d6e9c,118ca9ba46d2a2d74525905d282c18c5d4cb22895dcffe28767250ca04fcab50,first-party test,tests: removal,INVENTORIED_ONLY,,"NEW_DESKTOP_BASELINE-2026-09-19.md; retained tests.stdout; top-level outcomes {""pass"": 3}; absent from selected run: ",NAMED_TEST_RESULTS_ONLY,,Substantive source review pending
rename_compat_test.go,0dc7d5399c6889e015aebc9ba02e694a909d6e9c,b4c01f51bd7536f85682075bc1ad46783a72053d5fbfec49923c9109510b6418,first-party test,tests: rename_compat,INVENTORIED_ONLY,,"NEW_DESKTOP_BASELINE-2026-09-19.md; retained tests.stdout; top-level outcomes {""pass"": 9}; absent from selected run: ",NAMED_TEST_RESULTS_ONLY,,Substantive source review pending
ringcopy_shortread_test.go,0dc7d5399c6889e015aebc9ba02e694a909d6e9c,3ed9be8cc9c1a6821ebe11e12262eac6502dd65b553645e234f33882457f43d1,first-party test,tests: ringcopy_shortread,INVENTORIED_ONLY,,"NEW_DESKTOP_BASELINE-2026-09-19.md; retained tests.stdout; top-level outcomes {""pass"": 2}; absent from selected run: ",NAMED_TEST_RESULTS_ONLY,,Substantive source review pending
scan_problems_test.go,0dc7d5399c6889e015aebc9ba02e694a909d6e9c,ebeda532427af8fceb6c83a8746cbe3cda70df071c9fd82e8c62fe41a1786a43,first-party test,tests: scan_problems,INVENTORIED_ONLY,,"NEW_DESKTOP_BASELINE-2026-09-19.md; retained tests.stdout; top-level outcomes {""pass"": 1}; absent from selected run: ",NAMED_TEST_RESULTS_ONLY,,Substantive source review pending
schema_test.go,0dc7d5399c6889e015aebc9ba02e694a909d6e9c,002df0dde5face40db725562b38e3dd24124c407d6349a890ebfd8f2b706fe73,first-party test,tests: schema,PARTIAL,18-85 TestCatalogCurrentRoundTrip; 127-157 TestCatalogLegacyMigratesAndBacksUp; 159-end TestCatalogNewerSchemaIsReadOnly,"NEW_DESKTOP_BASELINE-2026-09-19.md; retained tests.stdout; top-level outcomes {""pass"": 4}; absent from selected run: ",NAMED_TEST_RESULTS_ONLY,OB-001,Outside listed ranges remains unreviewed; see PERSISTENCE_REVIEW-2026-09-19.md for missing failure/OS tests
scripts/banned-phrases.txt,0dc7d5399c6889e015aebc9ba02e694a909d6e9c,303e20cf03f30db96608d5f9a95a0ad48293c48f11acf4ac44e2d214983867f1,build/CI/configuration,build and tooling,INVENTORIED_ONLY,,,NOT_TESTED,,Substantive source review pending
scripts/prose-lint,0dc7d5399c6889e015aebc9ba02e694a909d6e9c,ae7f9f7f815aaf4294ac2b71205251bab8d20ad45c94c71c97e1e639433039b2,build/CI/configuration,build and tooling,INVENTORIED_ONLY,,,NOT_TESTED,,Substantive source review pending
seeing_what_happened_test.go,0dc7d5399c6889e015aebc9ba02e694a909d6e9c,c4ab93160be9d8924e182b7fbc5f933854f8d0553fb3b2134d1e29fb458ba056,first-party test,tests: seeing_what_happened,INVENTORIED_ONLY,,"NEW_DESKTOP_BASELINE-2026-09-19.md; retained tests.stdout; top-level outcomes {""pass"": 2, ""skip"": 1}; absent from selected run: ",NAMED_TEST_RESULTS_ONLY,,Substantive source review pending
settings_test.go,0dc7d5399c6889e015aebc9ba02e694a909d6e9c,eb09084a854efb11e8d70fc988d501db0389dbc4af0709de2f98d00930f6f51f,first-party test,tests: settings,PARTIAL,163-198 TestSettingsConfigFields only,"NEW_DESKTOP_BASELINE-2026-09-19.md; retained tests.stdout; top-level outcomes {""pass"": 8}; absent from selected run: ",NAMED_TEST_RESULTS_ONLY,OBX-004,Outside listed ranges remains unreviewed; see PERSISTENCE_REVIEW-2026-09-19.md for missing failure/OS tests
setup.go,0dc7d5399c6889e015aebc9ba02e694a909d6e9c,934df51852f4bc485f78dc72e88a0999cc83eca881570c1b2d2e9e517220ee5d,first-party production,setup,SOURCE_REVIEWED,"1-299 entire file: answer vocabularies/mappings, ApplySetup, SetupState, setupResult","PERSISTENCE_REVIEW-2026-09-19.md; precise baseline/probe symbol coverage, not full-file runtime coverage",SOURCE_ONLY_THIS_PASS,OBX-004;OB-002,Source read complete for this file; platform and untested failure paths remain; not whole-product assurance
setup_test.go,0dc7d5399c6889e015aebc9ba02e694a909d6e9c,a38c3c83832e3c866565645c86834dee787acb5bab5252eb7a011b22fd3130bf,first-party test,tests: setup,PARTIAL,1-61 fixture/SkipDefaults; 198-end PreservesUnrelated/MatrixCoherent; other answer tests inventoried only,"NEW_DESKTOP_BASELINE-2026-09-19.md; retained tests.stdout; top-level outcomes {""pass"": 8}; absent from selected run: ",NAMED_TEST_RESULTS_ONLY,OBX-004,Outside listed ranges remains unreviewed; see PERSISTENCE_REVIEW-2026-09-19.md for missing failure/OS tests
smart.go,0dc7d5399c6889e015aebc9ba02e694a909d6e9c,ac6a1ee45f26876283ff415e4555314d65534203170bc366bf4442fc1ce588b3,first-party production,smart,INVENTORIED_ONLY,,,NOT_TESTED,,Substantive source review pending
smart_test.go,0dc7d5399c6889e015aebc9ba02e694a909d6e9c,8640bd6cd83f64e6819d071fa08612afcf0c7232f4f806dae940fadb1e25cdfb,first-party test,tests: smart,INVENTORIED_ONLY,,"NEW_DESKTOP_BASELINE-2026-09-19.md; retained tests.stdout; top-level outcomes {""pass"": 4}; absent from selected run: TestSmartDeviceNode_SystemDisk,TestVolumeHealth_SystemDisk",NAMED_TEST_RESULTS_ONLY,,Substantive source review pending
smart_unix.go,0dc7d5399c6889e015aebc9ba02e694a909d6e9c,d3c98a10cfd7f868557b913e2b002949f5b263c81b7fb758e495f3133cc91f93,first-party production,smart_unix,INVENTORIED_ONLY,,,NOT_TESTED,,Substantive source review pending
smart_windows.go,0dc7d5399c6889e015aebc9ba02e694a909d6e9c,1d3efcf5ab87be4ebe40602f45022e63e97ed59de69cee1e5c8e9a3f7ec23122,first-party production,smart_windows,INVENTORIED_ONLY,,,NOT_TESTED,,Substantive source review pending
snapshot.go,0dc7d5399c6889e015aebc9ba02e694a909d6e9c,76ab5a779c8d7c3bc684d421403c775d32e6a7a28c50fed25ce8b97db1a13e00,first-party production,snapshot,INVENTORIED_ONLY,,,NOT_TESTED,,Substantive source review pending
snapshot_test.go,0dc7d5399c6889e015aebc9ba02e694a909d6e9c,0b45e1e13cddb603951819df13aa1c4cb24090df13aeaef4d5067a3ce95f4a4f,first-party test,tests: snapshot,INVENTORIED_ONLY,,"NEW_DESKTOP_BASELINE-2026-09-19.md; retained tests.stdout; top-level outcomes {""pass"": 2}; absent from selected run: ",NAMED_TEST_RESULTS_ONLY,,Substantive source review pending
sourceless_test.go,0dc7d5399c6889e015aebc9ba02e694a909d6e9c,49a4d9819047374e98bfcda5fd9cc03bdbba3332d0e1ed4777b64a0b8b0c6f16,first-party test,tests: sourceless,INVENTORIED_ONLY,,"NEW_DESKTOP_BASELINE-2026-09-19.md; retained tests.stdout; top-level outcomes {""pass"": 2}; absent from selected run: ",NAMED_TEST_RESULTS_ONLY,,Substantive source review pending
space.go,0dc7d5399c6889e015aebc9ba02e694a909d6e9c,e01bf6e7c870aaf3ce84f730cdb57c09d1f50e8ae53bc1ef6ce8c47ad15b15c9,first-party production,space,INVENTORIED_ONLY,,,NOT_TESTED,,Substantive source review pending
span.go,0dc7d5399c6889e015aebc9ba02e694a909d6e9c,ce4b68eaa690a76320b9889771f536f0891c63bddaa93dc2d35bbac6ba578352,first-party production,span,INVENTORIED_ONLY,,,NOT_TESTED,,Substantive source review pending
stenc.go,0dc7d5399c6889e015aebc9ba02e694a909d6e9c,5737c41633786f40ed0b1c0c1042db0717086a04a75c422c4157d14c13e7bab3,first-party production,stenc,INVENTORIED_ONLY,,,NOT_TESTED,,Substantive source review pending
stenc_test.go,0dc7d5399c6889e015aebc9ba02e694a909d6e9c,f2446695805f0d2aacca8a4221cf2cc7b7f1ec164f41b350ba10720c2fbb2640,first-party test,tests: stenc,INVENTORIED_ONLY,,"NEW_DESKTOP_BASELINE-2026-09-19.md; retained tests.stdout; top-level outcomes {""pass"": 9}; absent from selected run: ",NAMED_TEST_RESULTS_ONLY,,Substantive source review pending
store.go,0dc7d5399c6889e015aebc9ba02e694a909d6e9c,e91f658d6733302aa87d7ce720163bc9a88df71ed7bc55a9ea48625286d374a7,first-party production,store,PARTIAL,1156-1322 OpenStore/openStore; 1325-1468 seeding/ReadOnly/runMigrations/backupBeforeMigrate/save/writeCatalog; 1546-1586 dailyBackup/next/Log; 1608-1626 AddCollectionKind; 1884-1907 AssertOutsideSources; 3407-3418 AddKeyMeta/KeyMetas; 3444-3609 saveJobs/writeJobsRows/loadJobs/NewJob; 3666-3725 markJobUnrecordedLocked/FinishJob; 3838-3857 Jobs,"PERSISTENCE_REVIEW-2026-09-19.md; precise baseline/probe symbol coverage, not full-file runtime coverage; C:\Users\nsott\AppData\Local\ObeliskDev\persistence-20260919-131458-90213423\logs\probes.jsonl",BOUNDED_PROBES_ONLY,OB-001;OB-002;OBX-004;OB-006;OB-007,Outside listed ranges remains unreviewed; see PERSISTENCE_REVIEW-2026-09-19.md for missing failure/OS tests
tape.go,0dc7d5399c6889e015aebc9ba02e694a909d6e9c,61ca529ce4ce84cf76a8da1c7dcb9c772501180291bcea5a0b55e527a280dd3e,first-party production,tape,INVENTORIED_ONLY,,,NOT_TESTED,,Substantive source review pending
tape_parsers.go,0dc7d5399c6889e015aebc9ba02e694a909d6e9c,5425ffe8a3ec915e204b763eb3fecd5d3b9a43606215607c65aebf02a837e565,first-party production,tape_parsers,INVENTORIED_ONLY,,,NOT_TESTED,,Substantive source review pending
tape_test.go,0dc7d5399c6889e015aebc9ba02e694a909d6e9c,296e910359c910a5b8931ffd046b1c03043e81d69c0d0397c78b18ef16578c33,first-party test,tests: tape,INVENTORIED_ONLY,,"NEW_DESKTOP_BASELINE-2026-09-19.md; retained tests.stdout; top-level outcomes {""pass"": 8}; absent from selected run: ",NAMED_TEST_RESULTS_ONLY,,Substantive source review pending
tar_names_test.go,0dc7d5399c6889e015aebc9ba02e694a909d6e9c,ae9cf03ccaa1d054fa7dd1db974a3467c5dfde91b627a4bf13d675546dc568e2,first-party test,tests: tar_names,INVENTORIED_ONLY,,"NEW_DESKTOP_BASELINE-2026-09-19.md; retained tests.stdout; top-level outcomes {""skip"": 2}; absent from selected run: ",NAMED_TEST_RESULTS_ONLY,,Substantive source review pending
tar_unicode_names_test.go,0dc7d5399c6889e015aebc9ba02e694a909d6e9c,07e916b994a5d2803fee6a2212f80fb8e8415d9e83e4a07e9f8e33e19c6c4c68,first-party test,tests: tar_unicode_names,INVENTORIED_ONLY,,"NEW_DESKTOP_BASELINE-2026-09-19.md; retained tests.stdout; top-level outcomes {""skip"": 5}; absent from selected run: ",NAMED_TEST_RESULTS_ONLY,,Substantive source review pending
templates.go,0dc7d5399c6889e015aebc9ba02e694a909d6e9c,dfce374db3b4907616ee0b42a7fb0cd37ae7b6843738862f7a83caa8fecc3f06,first-party production,templates,INVENTORIED_ONLY,,,NOT_TESTED,,Substantive source review pending
testdata/catalog_current.json,0dc7d5399c6889e015aebc9ba02e694a909d6e9c,0a225a5c3beabe0914e685760688274079b4438707f4f0f8c626249ebe36cf57,test fixture,fixture,INVENTORIED_ONLY,,,NOT_TESTED,,Substantive source review pending
testdata/catalog_schema1.json,0dc7d5399c6889e015aebc9ba02e694a909d6e9c,da3104c2cbd1698879d2bcdb0b53f7db0ffd5bbfe84fc36935bcaf2f6d2a9e7c,test fixture,fixture,INVENTORIED_ONLY,,,NOT_TESTED,,Substantive source review pending
testdata/tape_hpltt.txt,0dc7d5399c6889e015aebc9ba02e694a909d6e9c,2b4d079beda560673a45a283810ff559be71b313fd3cf2a62ea54309481ee98d,test fixture,fixture,INVENTORIED_ONLY,,,NOT_TESTED,,Substantive source review pending
testdata/tape_itdt.txt,0dc7d5399c6889e015aebc9ba02e694a909d6e9c,f37b64362e4812eb9843a329ad2c20f5f8c9c678d585f7b60eb12e47a29b6ef1,test fixture,fixture,INVENTORIED_ONLY,,,NOT_TESTED,,Substantive source review pending
testdata/tape_sg_logs_alerts.txt,0dc7d5399c6889e015aebc9ba02e694a909d6e9c,c3fa85d64b2b5a574efcd32f7a5cda68997163d0d61a0a1168cc1d249d25a10d,test fixture,fixture,INVENTORIED_ONLY,,,NOT_TESTED,,Substantive source review pending
testdata/tape_sg_logs_stats.txt,0dc7d5399c6889e015aebc9ba02e694a909d6e9c,9e4e46f4a99271933755a8c12afabc1e45bfe93bc7606471e6f96d5b3395111e,test fixture,fixture,INVENTORIED_ONLY,,,NOT_TESTED,,Substantive source review pending
testdata/tape_tapeinfo.txt,0dc7d5399c6889e015aebc9ba02e694a909d6e9c,f8b9f42f073c8b750c33bcefa7188841765ea88e2b999f1461ebfa1b087dd186,test fixture,fixture,INVENTORIED_ONLY,,,NOT_TESTED,,Substantive source review pending
testdata/tape_tapeinfo_clean.txt,0dc7d5399c6889e015aebc9ba02e694a909d6e9c,b5a7829a0f3447b057973a999e56bf33c345af957b7d4c058e049599c13e2122,test fixture,fixture,INVENTORIED_ONLY,,,NOT_TESTED,,Substantive source review pending
tools.go,0dc7d5399c6889e015aebc9ba02e694a909d6e9c,2240a6fd98db2609eeb3cf691b97cba46e0ddd8d7f0478e146d32f33dbd071b0,first-party production,tools,INVENTORIED_ONLY,,,NOT_TESTED,,Substantive source review pending
tree_test.go,0dc7d5399c6889e015aebc9ba02e694a909d6e9c,7fac45e28cf3fdf121ea0c8c4c679d33d30919bd401a31234af8d1c1f5d553b8,first-party test,tests: tree,INVENTORIED_ONLY,,"NEW_DESKTOP_BASELINE-2026-09-19.md; retained tests.stdout; top-level outcomes {""pass"": 2, ""skip"": 1}; absent from selected run: ",NAMED_TEST_RESULTS_ONLY,,Substantive source review pending
treemap.go,0dc7d5399c6889e015aebc9ba02e694a909d6e9c,c93d967973a7f8808d7cc2d558127c8f054e9a8618844252f110ca698e59501b,first-party production,treemap,INVENTORIED_ONLY,,,NOT_TESTED,,Substantive source review pending
treemap_test.go,0dc7d5399c6889e015aebc9ba02e694a909d6e9c,d969b116427ee3a79f7762c8abd3c37ed8248e72cd3f545cc6bb6b10d032d1e7,first-party test,tests: treemap,INVENTORIED_ONLY,,"NEW_DESKTOP_BASELINE-2026-09-19.md; retained tests.stdout; top-level outcomes {""pass"": 3}; absent from selected run: ",NAMED_TEST_RESULTS_ONLY,,Substantive source review pending
ui/index.html,0dc7d5399c6889e015aebc9ba02e694a909d6e9c,7c40475011aa6935273f14ffb3ae97b8e667b087f528f011d0d74d9a227e1656,first-party frontend,UI,PARTIAL,2678-2698 vKeys/status/sync error flow; 3757-3784 saveCfg request/error handling only,"PERSISTENCE_REVIEW-2026-09-19.md; precise baseline/probe symbol coverage, not full-file runtime coverage",SOURCE_ONLY_THIS_PASS,OBX-004;OB-006,Outside listed ranges remains unreviewed; see PERSISTENCE_REVIEW-2026-09-19.md for missing failure/OS tests
uimode_test.go,0dc7d5399c6889e015aebc9ba02e694a909d6e9c,4c8469ff61b6fe19ffa0ea6901298cf4aef1020042f8f53632b70815eda4d85d,first-party test,tests: uimode,INVENTORIED_ONLY,,"NEW_DESKTOP_BASELINE-2026-09-19.md; retained tests.stdout; top-level outcomes {""pass"": 1}; absent from selected run: ",NAMED_TEST_RESULTS_ONLY,,Substantive source review pending
verify_levels.go,0dc7d5399c6889e015aebc9ba02e694a909d6e9c,787b1d2bd602ae5a9a5b0c947005aa47ceb6bd32af753a512cb2be6aee786c0a,first-party production,verify_levels,INVENTORIED_ONLY,,,NOT_TESTED,,Substantive source review pending
verify_levels_test.go,0dc7d5399c6889e015aebc9ba02e694a909d6e9c,f740d62cb28284e2d5f26fd9d8880df2b4eb40f001563f6ec8b64dc657ab7ec0,first-party test,tests: verify_levels,INVENTORIED_ONLY,,"NEW_DESKTOP_BASELINE-2026-09-19.md; retained tests.stdout; top-level outcomes {""pass"": 2}; absent from selected run: ",NAMED_TEST_RESULTS_ONLY,,Substantive source review pending
versions.go,0dc7d5399c6889e015aebc9ba02e694a909d6e9c,3cdd6491bd72b032a2efd46db3bcc011bbd6b6301708243bf3b813c0a4e20b72,first-party production,versions,INVENTORIED_ONLY,,,NOT_TESTED,,Substantive source review pending
versions_test.go,0dc7d5399c6889e015aebc9ba02e694a909d6e9c,261717a08d7ea4b95f853f245641aadf7a74139917f846ad293509ae562cce59,first-party test,tests: versions,INVENTORIED_ONLY,,"NEW_DESKTOP_BASELINE-2026-09-19.md; retained tests.stdout; top-level outcomes {""pass"": 6}; absent from selected run: ",NAMED_TEST_RESULTS_ONLY,,Substantive source review pending
volume_identity_test.go,0dc7d5399c6889e015aebc9ba02e694a909d6e9c,edaec69c5de8fdbaf09bdeda695af21e330693332530c4ad06070ec61d8044c7,first-party test,tests: volume_identity,INVENTORIED_ONLY,,"NEW_DESKTOP_BASELINE-2026-09-19.md; retained tests.stdout; top-level outcomes {""pass"": 2}; absent from selected run: TestDeviceIdentityAndLabel_SystemDisk",NAMED_TEST_RESULTS_ONLY,,Substantive source review pending
writer.go,0dc7d5399c6889e015aebc9ba02e694a909d6e9c,3c12f5bb823964af4cf5c00945dfb8320c179c4f93f0961d77a66d4580c1c8fa,first-party production,writer,PARTIAL,697-716 decryption Passphrase caller only,"PERSISTENCE_REVIEW-2026-09-19.md; precise baseline/probe symbol coverage, not full-file runtime coverage",SOURCE_ONLY_THIS_PASS,OB-006,Outside listed ranges remains unreviewed; see PERSISTENCE_REVIEW-2026-09-19.md for missing failure/OS tests
writer_flush_test.go,0dc7d5399c6889e015aebc9ba02e694a909d6e9c,257123cd088ced2762ed440f322c2f1bb7cbef6e43471f5db5dc11a80b0e6f85,first-party test,tests: writer_flush,INVENTORIED_ONLY,,"NEW_DESKTOP_BASELINE-2026-09-19.md; retained tests.stdout; top-level outcomes {""pass"": 2, ""skip"": 1}; absent from selected run: ",NAMED_TEST_RESULTS_ONLY,,Substantive source review pending
docs/Obelisk.fig,LOCAL_UNCOMMITTED,69c5dd577d262c782ae657ac9538cf4c38530c6ed9af7f79beaeed87f92fddda,local design artifact,review/design,EXCLUDED_WITH_REASON,,,NOT_TESTED,,Not application source; retained separately
docs/development/NEW_DESKTOP_BASELINE-2026-09-19.md,LOCAL_UNCOMMITTED,4a54cc02eba76e52ab3cdafac17855c3ad17b876c789f9e7b90dfc866d1b8061,current baseline evidence,review/design,EXCLUDED_WITH_REASON,,,NOT_TESTED,,Not application source; retained separately
docs/development/CODEX_HANDOFF.md,EVIDENCE_COMMIT_CONTAINING_THIS_LEDGER,ee34313fa1a1ddad063f7ddd6515a9e4d3559f6a28d5eca17c2172970c477760,current handoff,review/design,EXCLUDED_WITH_REASON,,,NOT_TESTED,,Not application source; retained separately
keystore_validation.go,d147a823262757065d7817a233c0327523916e2a,29bba5f7557fbecb7fefe9dcef0bcf62dce7d28f060e165bcf3306d9f3ac0593,first-party production,keystore validation/conflict,OWNER_ACCEPTED_BOUNDED_SCOPE,Owner accepted 2026-09-19 after detached-review execution; provenance disclosed in report. Entire new file; see implementation report.,"reviews/OB-006-KEYSTORE-VALIDATION-IMPLEMENTATION-2026-09-19.md; targeted-ready and suite-ready manifests/logs; exact candidate archived; reviews/OB-006-KEYSTORE-VALIDATION-DETACHED-REVIEW-2026-09-19.md; reviewer 20 targeted and 39 safety passes, 40 subtests; raw AppData evidence LOCAL ONLY",TARGETED_AND_SUITE_EVIDENCE_SCOPED_TO_SYMBOLS,OB-006; OB-011 residual,Multi-store atomicity; concurrent writers; retained generations; GenerateKey/catalog coordination; broader ACL/key-security validation. Rest of pipeline remains partial. Publication adds no new runtime validation.
keystore_validation_test.go,d147a823262757065d7817a233c0327523916e2a,10bb54072f30fe7ce4d088d42bad941ed084c28f1ef6438a6f6d748522c9d7a0,first-party test,keystore validation/conflict,OWNER_ACCEPTED_BOUNDED_SCOPE,Owner accepted 2026-09-19 after detached-review execution; provenance disclosed in report. Entire new file; see implementation report.,"reviews/OB-006-KEYSTORE-VALIDATION-IMPLEMENTATION-2026-09-19.md; targeted-ready and suite-ready manifests/logs; exact candidate archived; reviews/OB-006-KEYSTORE-VALIDATION-DETACHED-REVIEW-2026-09-19.md; reviewer 20 targeted and 39 safety passes, 40 subtests; raw AppData evidence LOCAL ONLY",TARGETED_AND_SUITE_EVIDENCE_SCOPED_TO_SYMBOLS,OB-006; OB-011 residual,Multi-store atomicity; concurrent writers; retained generations; GenerateKey/catalog coordination; broader ACL/key-security validation. Rest of pipeline remains partial. Publication adds no new runtime validation.
keystore_validation_boundary_test.go,d147a823262757065d7817a233c0327523916e2a,2b0122a48d6969336e77fb8657d918c7fe2e1390e6310f0cf394c07c7032db24,first-party test,keystore validation/conflict,OWNER_ACCEPTED_BOUNDED_SCOPE,Owner accepted 2026-09-19 after detached-review execution; provenance disclosed in report. Entire new file; see implementation report.,"reviews/OB-006-KEYSTORE-VALIDATION-IMPLEMENTATION-2026-09-19.md; targeted-ready and suite-ready manifests/logs; exact candidate archived; reviews/OB-006-KEYSTORE-VALIDATION-DETACHED-REVIEW-2026-09-19.md; reviewer 20 targeted and 39 safety passes, 40 subtests; raw AppData evidence LOCAL ONLY",TARGETED_AND_SUITE_EVIDENCE_SCOPED_TO_SYMBOLS,OB-006; OB-011 residual,Multi-store atomicity; concurrent writers; retained generations; GenerateKey/catalog coordination; broader ACL/key-security validation. Rest of pipeline remains partial. Publication adds no new runtime validation.
